https://www.mweb.co.za/help-centre/article/7507/11-need-help-log-an-online-query,https://help.mweb.co.za/articles-preview/outages-and-troubleshooting/how-to-get-help/how-to-log-a-query
https://www.mweb.co.za/help-centre/article/7216/37-understanding-your-different-mweb-passwords,https://help.mweb.co.za/articles/account-and-billing/login-and-account-details/about-account-passwords
https://www.mweb.co.za/help-centre/article/8009/adsl-thresholds-and-fair-usage/adsl/adsl-managing-your-mweb-account/7098,https://help.mweb.co.za/articles/connectivity/adsl/adsl-usage-management/about-adsl-fair-usage
https://www.mweb.co.za/help-centre/article/8013/capped-products-carry-over-data/no-title/view,https://help.mweb.co.za/articles/connectivity/lte/lte-usage-management/capped-products-carry-over-data
https://www.mweb.co.za/help-centre/article/7313/16-download-your-monthly-statement,https://help.mweb.co.za/articles/account-and-billing/billing-information/how-to-download-your-monthly-statement
https://www.mweb.co.za/help-centre/article/8822/how-to-register-your-mobile-number-for-one-time-pin-otp/article/view,https://help.mweb.co.za/articles/account-and-billing/login-and-account-details/how-to-register-your-mobile-number-for-one-time-pin
https://www.mweb.co.za/help-centre/article/7494/12-how-to-change-your-master-account-password,https://help.mweb.co.za/articles/account-and-billing/login-and-account-details/how-to-change-your-master-account-password
https://www.mweb.co.za/help-centre/article/8308/how-to-retrieve-your-master-account-password/managing%20your%20account/account-how-to-log-in/7106,https://help.mweb.co.za/articles/account-and-billing/login-and-account-details/how-to-retrieve-your-account-password
https://www.mweb.co.za/help-centre/article/7297/14-update-your-details,https://help.mweb.co.za/articles/account-and-billing/login-and-account-details/how-to-update-your-account-details
https://www.mweb.co.za/help-centre/article/8616/managing-online-user-profiles/managing%20your%20account/account-updating-details/7106,https://help.mweb.co.za/articles/account-and-billing/managing-user-profiles/how-to-manage-user-profiles-on-your-mweb-account
https://www.mweb.co.za/help-centre/article/7460/23-how-to-test-your-speed,https://help.mweb.co.za/articles/outages-and-troubleshooting/general-troubleshooting/how-to-run-a-speedtest
https://www.mweb.co.za/help-centre/article/6824/i-managing-mailbox-aliases,https://help.mweb.co.za/articles/mail/managing-mail-settings/how-to-manage-mailbox-aliases
https://www.mweb.co.za/help-centre/article/6825/h-forwarding-to-another-mailbox,https://help.mweb.co.za/articles/mail/managing-mail-settings/how-to-setup-mail-forwarding
https://www.mweb.co.za/help-centre/article/8241/how-to-setup-mweb-email-on-your-apple-i-phone/mail/mail-setup/7099,https://help.mweb.co.za/articles/mail/mail-application-setup/how-to-setup-mail-iphone
https://www.mweb.co.za/help-centre/article/6828/g-how-to-manage-junkmail-settings ,https://help.mweb.co.za/articles/mail/managing-mail-settings/how-to-manage-junkmail-settings
https://www.mweb.co.za/help-centre/article/7698/how-to-setup-mweb-email-on-microsoft-outlook-365-for-mac/mail/mail-setup/7099,https://help.mweb.co.za/articles/mail/mail-application-setup/how-to-setup-outlook-365-mac
https://www.mweb.co.za/help-centre/article/7712/19a-how-to-setup-mweb-email-on-microsoft-outlook-365-for-windows,https://help.mweb.co.za/articles/mail/mail-application-setup/how-to-setup-outlook-365-windows
https://www.mweb.co.za/help-centre/article/6830/f-how-to-set-an-out-of-office-message,https://help.mweb.co.za/articles/mail/managing-mail-settings/how-to-set-an-out-of-office-message
https://www.mweb.co.za/help-centre/article/7735/email-sending-rules/mail/mail-troubleshooting/7099,https://help.mweb.co.za/articles/mail/mail-troubleshooting/mail-sending-limits-and-guidelines
https://www.mweb.co.za/help-centre/article/7699/ah-mweb-email-server-settings ,https://help.mweb.co.za/articles/mail/mail-application-setup/mweb-email-server-settings
https://www.mweb.co.za/help-centre/article/19919/step-by-step-instructions-to-setting-up-your-media-box-from-mweb/online%20store/hardware/17095,https://help.mweb.co.za/articles/more-products/online-store/step-by-step-instructions-to-setting-up-your-media-box-from-mweb
https://www.mweb.co.za/help-centre/article/17109/step-by-step-instructions-to-setting-up-your-mini-ups-and-power-bank-from-mweb/online%20store/hardware/17095,https://help.mweb.co.za/articles/more-products/online-store/step-by-step-instructions-to-setting-up-your-mini-ups-and-power-bank-from-mweb
https://www.mweb.co.za/help-centre/article/8776/zyxel-emg-3525-router-guide/no-title/view,https://help.mweb.co.za/articles/hardware-setup/fibre-routers/how-to-setup-zyxel-emg3525-fibre-router
https://www.mweb.co.za/help-centre/article/18338/guide-to-set-up-your-zte-mf286-c-lte-router-and-sim-card/online%20store/hardware/17095,https://help.mweb.co.za/articles/hardware-setup/lte-routers/how-to-setup-zte-mf286c-lte-router
https://www.mweb.co.za/help-centre/article/7391/am-how-to-set-up-your-avg-internet-security-product,https://help.mweb.co.za/articles/internet-security/avg/a-step-by-step-guide-to-setting-up-avg-products-from-mweb
https://www.mweb.co.za/help-centre/article/8834/setting-up-your-online-identity-protection-product/internet%20security/online-identity-protection/7103,https://help.mweb.co.za/articles/internet-security/online-identity-protection/instructions-to-set-up-your-online-identity-protection-product
https://www.mweb.co.za/help-centre/article/8772/what-to-check-if-youre-not-receiving-your-one-time-pin/managing%20your%20account/account-otp-verification/7106,https://help.mweb.co.za/articles/account-and-billing/login-and-account-details/what-to-check-if-youre-not-receiving-your-one-time-pin
https://www.mweb.co.za/help-centre/article/7231/29-power-out-stay-connected,https://help.mweb.co.za/articles/outages-and-troubleshooting/what-to-do-in-an-outage/how-to-stay-connected-during-a-power-outage
https://www.mweb.co.za/help-centre/article/8800/why-is-load-shedding-affecting-my-internet-connection/article/view,https://help.mweb.co.za/articles/outages-and-troubleshooting/what-to-do-in-an-outage/why-is-load-shedding-affecting-my-internet-connection
https://www.mweb.co.za/help-centre/article/8569/stay-safe-online-our-top-cybersecurity-dos-and-donts/internet%20security/security-about/7103,https://help.mweb.co.za/articles/internet-security/security-tips/how-to-stay-safe-online
https://www.mweb.co.za/help-centre/article/7725/about-mweb-premium-mailbox-products/mail/mail-premium-mailboxes/7099,https://help.mweb.co.za/articles/mail/about-mail/all-the-advantages-and-features-of-a-bigger-mailbox-product-from-mweb
https://www.mweb.co.za/help-centre/article/8575/everything-you-need-to-know-about-vuma-reach-fibre/fibre/about/7096,https://help.mweb.co.za/articles/connectivity/fibre/about-fibre/find-the-answers-to-all-of-your-vuma-reach-fibre-questions
https://www.mweb.co.za/help-centre/article/8178/about-the-lte-process-mtn-lte-coverage-areas/lte/lte-about/7097,https://help.mweb.co.za/articles/connectivity/lte/about-lte/find-out-more-about-fibre-and-lte-products-from-mweb-2
https://www.mweb.co.za/help-centre/article/7354/av-about-office-365-for-home-and-personal,https://help.mweb.co.za/articles/more-products/microsoft-365/find-the-perfect-microsoft-365-product-for-your-needs
https://www.mweb.co.za/help-centre/article/7442/as-about-avg-internet-security,https://help.mweb.co.za/articles/internet-security/avg/find-out-more-about-how-avg-internet-security-protects-you
https://www.mweb.co.za/help-centre/article/8826/about-mwebs-online-identity-protection-product/internet%20security/online-identity-protection/7103,https://help.mweb.co.za/articles/internet-security/online-identity-protection/protect-your-personal-information-from-the-risks-of-cybercrime
https://www.mweb.co.za/help-centre/article/7281/06-how-to-access-and-use-your-online-mweb-account,https://help.mweb.co.za/articles/account-and-billing/login-and-account-details/how-to-login-with-your-mweb-account-on-our-website
https://www.mweb.co.za/help-centre/article/7259/07-how-to-track-your-order-online,https://help.mweb.co.za/articles/order-tracking/how-to-track-your-order/how-to-track-the-status-and-progress-of-your-mweb-product-order